{"songs": [{"title": "In My Feelings", "album": "Scorpion", "year": "2018-06-29", "lyrics": "[Intro: Drake]\nTrap, TrapMoneyBenny\nThis shit got me in my feelings\nGotta be real with it, yeah\n\n[Chorus: Drake]\nKiki, do you love me? Are you riding?\nSay you'll never ever leave from beside me\n'Cause I want ya, and I need ya\nAnd I'm down for you always\nKB, do you love me? Are you riding?\nSay you'll never ever leave from beside me\n'Cause I want ya, and I need ya\nAnd I'm down for you always\n\n[Verse: Drake]\nLook, the new me is really still the real me\nI swear you gotta feel me before they try and kill me\nThey gotta make some choices, they runnin' out of options\n'Cause I've been goin' off and they don't know when it's stoppin'\nAnd when you get to toppin', I see that you've been learnin'\nAnd when I take you shoppin', you spend it like you earned it\nAnd when you popped off on your ex he deserved it\nI thought you were the one from the jump that confirmed it\nTrapMoneyBenny\nI buy you Champagne but you love some Henny\nFrom the block like you Jenny\nI know you special, girl, 'cause I know too many\n\n[Chorus: Drake]\n'Resha, do you love me? Are you riding?\nSay you'll never ever leave from beside me\n'Cause I want ya, and I need ya\nAnd I'm down for you always\nJ.T., do you love me? Are you riding?\nSay you'll never ever leave from beside me\n'Cause I want ya, and I need ya\nAnd I'm down for you always\n\n[Interlude: J.T, Yung Miami, Drake & Magnolia Shorty]\nTwo bad bitches and we kissin' in the Wraith\nKissin'-kissin' in the Wraith, kiss-kissin' in the Wraith\nI need that black card and the code to the safe\nCode to the safe, code-code to the safe-safe\nI show him how that neck work\nFuck that Netflix and chill\u2014what's your net-net-net worth?\n'Cause I want ya, and I need ya\nAnd I'm down for you always\nYeah, yeah, yeah, yeah, he bad\nAnd I'm down for you always\nYeah, yeah, yeah, guess who's back\nAnd I'm down for you always\nD-down for you al\u2013\nBlack biggy biggy black biggy black blake\nD-d-down for you always\nI got a new boy, and that nigga trade!\n\n[Chorus: Drake]\nKiki, do you love me? Are you riding?\nSay you'll never ever leave from beside me\n'Cause I want you, and I need you\nAnd I'm down for you always\nKB, do you love me? Are you riding?\nSay you'll never ever leave from beside me\n'Cause I want ya, and I\u2013\n\n[Breakdown: Lil Wayne & Magnolia Shorty]\nSkate and Smoke and Rap\nNow let me see you\nBring that ass, bring that ass, bring that ass back!\nB-bring that ass, bring that ass, bring that ass back!\nShawty say the nigga that she with can't hit\nBut shawty, I'ma hit it, hit it like I can't miss\nNow let me see you\nClap that ass, you're the only one I love\nClap that ass, clap-clap that ass!\nBring that ass back!\nClap-clap-clap that ass, you're the only one I love\nLet's go, let's go, let's go!\nBring that ass back!\n\n[Outro: Drake]\nTrap, TrapMoneyBenny\nThis shit got me in my feelings\nGotta be real with it, yup\nBlaqNmilD, you a genius, you diggin' me?\n\n[Skit: Zazie Beetz]\nI don't even care, I need a photo with Drake\nBecause my Instagram is weak as fuck\nI'm just being real, my shit, look,\u2013", "image": "https://images.genius.com/2fee80dd9aec0717aef8e1eb7aaaae4c.809x809x1.jpg"}], "artist": "Drake"}