{"songs": [{"title": "Redbone", "album": "\u201cAwaken, My Love!\u201d", "year": "2016-11-17", "lyrics": "[Verse 1]\nDaylight\nI wake up feeling like you won't play right\nI used to know, but now that shit don't feel right\nIt made me put away my pride\nSo long\nYou made a nigga wait for some, so long\nYou make it hard for boy like that to go on\nI'm wishing I could make this mine, oh\n\n[Pre-Chorus]\nIf you want it, yeah\nYou can have it, oh, oh, oh\nIf you need it, ooh\nWe can make it, oh\nIf you want it\nYou can have it\n\n[Chorus]\nBut stay woke\nNiggas creepin'\nThey gon' find you\nGon' catch you sleepin' (Ooh)\nNow stay woke\nNiggas creepin'\nNow don't you close your eyes\n\n[Verse 2]\nToo late\nYou wanna make it right, but now it's too late\nMy peanut butter chocolate cake with Kool-Aid\nI'm trying not to waste my time\n\n[Pre-Chorus]\nIf you want it, oh\nYou can have it, you can have it\nIf you need it\nYou better believe in something\nWe can make it\nIf you want it\nYou can have it, ah!\n\n[Chorus]\nBut stay woke (Stay woke!)\nNiggas creepin' (They be creepin')\nThey gon' find you (They gon' find you)\nGon' catch you sleepin' (Gon' catch you sleepin', put your hands up now, baby)\nOoh, now stay woke\nNiggas creepin'\nNow, don't you close your eyes\nBut stay woke, ooh\nNiggas creepin' (They gon' find you!)\nThey gon' find you\nGon' catch you sleepin', ooh\nNow stay woke\nNiggas creepin'\nNow, don't you close your eyes\n\n[Outro]\nHow'd it get so scandalous?\nHow'd it get so scandalous?\n(Oh, oh, baby you, how'd it get...)\nHow'd it get so scandalous?\nHow'd it get so scandalous?\nBut stay woke\nBut stay woke", "image": "https://images.genius.com/ff5ee117884906685f99f5a37747bcaf.1000x1000x1.jpg"}], "artist": "Childish Gambino"}