{"songs": [{"title": "This Is America", "album": "2019 GRAMMY\u00ae Nominees", "year": "2018-05-06", "lyrics": "[Intro: Choir]\nYeah, yeah, yeah, yeah, yeah\nYeah, yeah, yeah, go, go away\nYeah, yeah, yeah, yeah, yeah\nYeah, yeah, yeah, go, go away\nYeah, yeah, yeah, yeah, yeah\nYeah, yeah, yeah, go, go away\nYeah, yeah, yeah, yeah, yeah\nYeah, yeah, yeah, go, go away\n\n[Bridge: Childish Gambino & Young Thug]\nWe just wanna party\nParty just for you\nWe just want the money\nMoney just for you (Yeah)\nI know you wanna party\nParty just for free\nGirl, you got me dancin' (Girl, you got me dancin')\nDance and shake the frame (Yeah)\nWe just wanna party (Yeah)\nParty just for you (Yeah)\nWe just want the money (Yeah)\nMoney just for you (You)\nI know you wanna party (Yeah)\nParty just for free (Yeah)\nGirl, you got me dancin' (Girl, you got me dancin', yeah)\nDance and shake the frame (Ooh)\n\n[Chorus: Childish Gambino]\nThis is America\nDon't catch you slippin' now\nDon't catch you slippin' now\nLook what I'm whippin' now\nThis is America (Woo)\nDon't catch you slippin' now\nDon't catch you slippin' now\nLook what I'm whippin' now\n\n[Verse 1: Childish Gambino, Young Thug, Blocboy JB & 21 Savage]\nThis is America (Skrrt, skrrt, woo)\nDon't catch you slippin' now (Ayy)\nLook how I'm livin' now\nPolice be trippin' now (Woo)\nYeah, this is America (Woo, ayy)\nGuns in my area (Word, my area)\nI got the strap (Ayy, ayy)\nI gotta carry 'em\nYeah, yeah, I'ma go into this (Ugh)\nYeah, yeah, this is guerilla (Woo)\nYeah, yeah, I'ma go get the bag\nYeah, yeah, or I'ma get the pad\nYeah, yeah, I'm so cold like, yeah (Yeah)\nI'm so dope like, yeah (Woo)\nWe gon' blow like, yeah (Straight up, uh)\n\n[Refrain: Choir & Childish Gambino]\nOoh-ooh-ooh-ooh-ooh, tell somebody\nYou go tell somebody\nGrandma told me\nGet your money, Black man (Get your\u2014 Black man)\nGet your money, Black man (Get your\u2014Black man)\nGet your money, Black man (Get your\u2014Black man)\nGet your money, Black man (Get your\u2014Black man)\nBlack man\n\n[Chorus: Childish Gambino, Young Thug, Slim Jxmmi & Quavo]\nThis is America (Woo, ayy)\nDon't catch you slippin' now (Woo, woo, don't catch you slippin' now)\nDon't catch you slippin' now (Ayy, woah)\nLook what I'm whippin' now (Slime!)\nThis is America (Yeah, yeah)\nDon't catch you slippin' now (Woah, ayy)\nDon't catch you slippin' now (Ayy, woo)\nLook what I'm whippin' now (Ayy)\n\n[Verse 2: Childish Gambino, Quavo, Young Thug, 21 Savage & BlocBoy JB]\nLook how I'm geekin' out (Hey)\nI'm so fitted (I'm so fitted, woo)\nI'm on Gucci (I'm on Gucci)\nI'm so pretty (Yeah, yeah, woo)\nI'm gon' get it (Ayy, I'm gon' get it)\nWatch me move (Blaow)\nThis a celly (Ha)\nThat's a tool (Yeah)\nOn my Kodak (Woo) Black\nOoh, know that (Yeah, know that, hold on)\nGet it (Woo, get it, get it)\nOoh, work it (21)\nHunnid bands, hunnid bands, hunnid bands (Hunnid bands)\nContraband, contraband, contraband (Contraband)\nI got the plug in Oaxaca (Woah)\nThey gonna find you like \"blocka\" (Blaow)\n\n[Refrain: Choir, Childish Gambino, & Young Thug]\nOoh-ooh-ooh-ooh-ooh, tell somebody\nAmerica, I just checked my following list, and\nYou go tell somebody\nYou mothafuckas owe me\nGrandma told me\nGet your money, Black man (Black man)\nGet your money, Black man (Black man)\nGet your money, Black man (Black man)\nGet your money, Black man (Black man)\nBlack man\n(1, 2, 3\u2014get down)\nOoh-ooh-ooh-ooh-ooh, tell somebody\nYou go tell somebody\nGrandma told me, \"Get your money\"\nGet your money, Black man (Black man)\nGet your money, Black man (Black man)\nGet your money, Black man (Black man)\nGet your money, Black man (Black man)\nBlack man\n\n[Outro: Young Thug]\nYou just a black man in this world\nYou just a barcode, ayy\nYou just a black man in this world\nDrivin' expensive foreigns, ayy\nYou just a big dawg, yeah\nI kenneled him in the backyard\nNo, probably ain't life to a dog\nFor a big dog", "image": "https://images.genius.com/04cc504b70ee9a45062f125275856a4c.1000x1000x1.jpg"}], "artist": "Childish Gambino"}