{"songs": [{"title": "Bonfire", "album": "Camp", "year": "2011-07-22", "lyrics": "[Verse 1]\nOkay, it's Childish Gambino, homegirl drop it like the NASDAQ\nMove white girls like there\u2019s coke up my asscrack\nMove black girls 'cause, man, fuck it, I\u2019ll do either\nI love pussy, I love bitches, dude, I should be runnin\u2019 PETA\nIn Adidas, with some short shorts, B-O-O all over me\nMy green is where it's supposed to be, your green is in my grocery\nThis Asian dude, I stole his girl, and now he got that Kogi beef\nMy dick is like an accent mark, it\u2019s all about the over Es\nHot like a parked car\nI sound weird, like \"nigga\" with a hard 'R'\nFly like the logo on my cousin\u2019s 440\nEatin\u2019 Oreos like these white girls that blow me\nVodka for my ladies, whiskey for a grown man\nHangin\u2019 in the islands, lookin\u2019 for Earl like Toejam\nI made the beat retarded, so I\u2019m callin\u2019 it a slow jam\nButcher and I know it, man, kill beef, go ham\nThese rappers are afraid of him\nCause I\u2019m a beast, bitch, \"grrr\" - Invader Zim\nGambino is a call girl: fuck you, pay me\nBrand new whip for these niggas like slavery\nTold me I was awful and that shit did not faze me\nTell me how I suck again, my memory is hazy\n\u201cYou're my favorite rapper now!\u201d Yeah, dude, I better be\nOr you can fuckin\u2019 kiss my ass: Human Centipede\nYou wanna see my girl? I ain\u2019t that dumb\nYou wanna see my girl? Check Maxim\n\"Man, why does every black actor gotta rap some?\u201d\nI don\u2019t know, all I know is I\u2019m the best one\n\n[Hook]\nIt\u2019s a bonfire, turn the lights out\nI\u2019m burnin\u2019 everything you muthafuckas talk about\nIt\u2019s a bonfire, turn the lights out\nI\u2019m burnin\u2019 everything you muthafuckas talk about\n\n[Verse 2]\nYou know these rapper dudes talk shit, start killin\u2019\nFuck that, got goons like an archvillain\nI\u2019m from the South, ain\u2019t got no accent, don\u2019t know why\nSo this rap is child\u2019s play, I do my name like Princess Di\nYeah, they say they want the realness, rap about my real life\nTold me I should just quit: \u201cFirst of all, you talk white!\nSecond off, you talk like you haven't given up yet\"\nRap's stepfather, yeah, you hate me but you will respect\nI put in work, ask Ludwig\nPut my soul on the track like shoes did\nPlayed this for my cousin, now he can\u2019t even think straight\nBlack and white music? Now, nigga, that\u2019s a mixtape\nShoutout to my blerds, they represent the realness\nShoutout to Gambino Girls, my dick is in the building\nI know you hate me cause your little cousin play me out\nI like black girls who nerdy but when they dance they be sayin' \"Owwww\"\nI'm sorry for who followed me\nChillin\u2019 with a Filipina, at your local Jollibee\nYeah, I\u2019m in her ass like sodomy\nSo if you see my hand under the table, don\u2019t bother me\nI don't talk soft, that's that other guy\nI\u2019m screamin\u2019 \u201cWhat the fuck is up?\u201d like I ain't seen the sky\nThe shit I\u2019m doin\u2019 this year? Insanity\nMade the beat then murdered it: Casey Anthony\nThese rappers don\u2019t know what to do\n'Cause all I did was act me, like a Looney Tune\nAnd I\u2019ll give you all of me until there\u2019s nothing left\nI swear this summer will be summer Camp, bitch", "image": "https://i.genius.com/6e8a9efd2c1c8fbe7f2afd2464c8bf9662598740?url=https%3A%2F%2Fcdn.pastemagazine.com%2Fwww%2Farticles%2Fbonfire.jpg"}], "artist": "Childish Gambino"}