{"songs": [{"title": "\u200bbeibs in the trap", "album": "Birds in the Trap Sing McKnight", "year": "2016-09-02", "lyrics": "[Intro: NAV]\nThat coca\n\n[Chorus: NAV]\nI just poured an 8 in a liter\nThrow some Jolly Ranchers in, make it sweeter\nVersace my clothes, I'm with a white ho\nAnd she snorting three lines like Adidas\nGot a black girl rolling off Molly\nGot a white bitch snorting up snow\nSay she want real niggas in the party\nParents gon' leave the keys to the condo\nBitch, close the door, there's shit on your nose (that coca)\nShe said she want more, she said she want more\nSo I'ma get more, yeah, I'ma get more\nBitch, close the door, there's shit on your nose\nShe said she want more, she said she want more\nSo I'ma get more, yeah, I'ma get more\n\n[Verse 1: NAV]\nI just poured a 8 in a liter\nGot a white bitch sniffin' on Bieber\nAre you sure you want to party with the demons?\nBitch looking for a phone, I ain't seen it\nTold Frost bring the water, no Fiji\nFree Stix, I'm poured up and I'm leanin'\nI got a couple pussy niggas in their feelings\n'Cause their main bitch wanna come see me\nShe said she want more\nYour girl is a ho, you need to let go\nShe fucked all my bros, she's snorting the snow (that coca)\nNow she's touching her toes\nShe got Anna Nicole all in her nose\nIf they kick down the door, we gon' get locked for sure\nShe said she want more\nFuck it, I'ma get more (I'ma get more)\n\n[Verse 2: Travis Scott]\nNightmare, high-life, sleepy, night-night (yeah!)\nFlashes, spotlight, pull up, nice guy (yeah, yeah)\nHelp it, peace, peace, peace to\u2013 (yeah!)\nBite me, ride me (yeah!)\nStrike me, indict me (yeah, yeah)\nSnipe it, swipe it, rapper, trapper (ooh, yeah!)\nI'm, lit, light\u2013 (yah!)\u2014ning (yeah, bitch, yeah)\nWhite, bitch (bitch), she, thick (bitch)\nPulled out of the hood Toyota\nDrove back to the hood, Lambo (ooh)\nCrushed Xans, crushed Xans in my soda\nRiding around the city with my eyes closed (yeah, yeah)\nCrazy Girls got it popping, AOD got it popping (yeah, yeah)\nTryna text my accountant\nAin't no service in the mountains (straight up)\nWon't you come to the bottom?\nKnow you heard a lot about 'em (yeah!)\nHeard they take that, then they change like a mood ring (yeah, yeah!)\nI watched 'em take that, then they change like a mood ring\nPulled out of the hood Toyota\nDrove back to the hood Lambo (ooh)\nCrushed Xans, crushed Xans in my soda\nRiding around the city with my eyes closed (ooh)\n\n[Chorus: NAV & Travis Scott]\nI just poured a 8 in a liter\nThrow some Jolly Ranchers in, make it sweeter\nVersace my clothes, I'm with a white ho\nAnd she snorting three lines like Adidas\nGot a black girl rolling off Molly\nGot a white bitch snorting up snow\nSay she want real niggas in the party\nParents gon' leave the keys to the condo\nBitch, close the door, there's shit on your nose (ooh, that coca)\nShe said she want more, she said she want more (ooh)\nSo I'ma get more (ooh), yeah, I'ma get more (ooh)\nBitch close the door, there's shit on your nose (ooh)\nShe said she want more (ooh), she said she want more (ooh)\nSo I'ma get more, yeah, I'ma get more (ooh)\n\n[Outro: Travis Scott]\nOoh-ah", "image": "https://images.genius.com/c9c8a92af16b73c835c2731f75294a82.1000x1000x1.jpg"}], "artist": "Travis Scott"}