{"songs": [{"title": "SICKO MODE", "album": "ASTROWORLD", "year": "2018-08-03", "lyrics": "[Part I]\n\n[Intro: Drake]\nAstro, yeah\nSun is down, freezin' cold\nThat's how we already know, winter's here\nMy dawg would probably do it for a Louis belt\nThat's just all he know, he don't know nothin' else\nI tried to show 'em, yeah\nI tried to show 'em, yeah, yeah\nYeah, yeah, yeah\nGoin' on you with the pick and roll\nYoung La Flame, he in sicko mode\n\n[Part II]\n\n[Verse 1: Travis Scott & The Notorious B.I.G.]\nWoo, made this here with all the ice on in the booth\nAt the gate outside, when they pull up, they get me loose\nYeah, Jump Out boys, that's Nike boys, hoppin' out coupes\nThis shit way too big, when we pull up, give me the loot\n(Gimme the loot!)\nWas off the Remy, had a Papoose\nHad to hit my old town to duck the news\nTwo four hour lockdown, we made no moves\nNow it's 4 a.m. and I'm back up poppin' with the crew\nI just landed in, Chase B mixes pop like Jamba Juice\nDifferent colored chains, think my jeweler really sellin' fruits\nAnd they chokin', man, know the crackers wish it was a noose\n\n[Bridge: Big Hawk & Swae Lee]\nSome-Some-Some-Someone said\nTo win the retreat, we all in too deep\nPl-Pl-Playin' for keeps, don't play us for weak (Someone said)\nTo win the retreat, we all in too deep\nPl-Pl-Playin' for keeps, don't play us for weak\n\n[Verse 2: Travis Scott & Uncle Luke]\nYeah, this shit way too formal, y'all know I don\u2019t follow suit\nStacey Dash, most of these girls ain't got a clue\nAll of these hoes I made off records I produced\nI might take all my exes and put 'em all in a group\nHit my eses, I need the bootch\n'Bout to turn this function to Bonnaroo\nTold her, \"Hop in, you comin' too\"\nIn the 305, bitches treat me like I'm Uncle Luke\n(Don't stop, pop that pussy!)\nHad to slop the top off, it's just a roof, uh\nShe said, \"Where we goin'?\" I said, \"The moon\"\nWe ain't even make it to the room\nShe thought it was the ocean, it's just the pool\nNow I got her open, it's just the Goose\nWho put this shit together? I'm the glue\n\n[Bridge: Travis Scott, Swae Lee & Big Hawk]\nSomeone said\nShorty FaceTimed me out the blue\nSomeone said\nPl-Playin' for keeps\nSomeone said, motherfucker\u2014someone said\nDon't play us for weak\n\n[Part III]\n\n[Intro: Travis Scott, Drake & Lil Juice]\nYeah!\nAstro, yeah, yeah\n(Tay Keith, fuck these niggas up!)\nAyy, ayy\n\n[Chorus: Drake & Travis Scott]\nShe's in love with who I am\nBack in high school, I used to bus it to the dance (Yeah)\nNow I hit the FBO with duffels in my hands\nI did half a Xan, 13 hours 'til I land\nHad me out like a light, ayy, yeah\nLike a light, ayy, yeah\n\n[Verse 3: Drake & Travis Scott]\nLike a light, ayy, slept through the flight, ayy\nKnocked for the night, ayy\n767, man, this shit got double bedroom, man\nI still got scores to settle, man\nI crept down the block (Down the block)\nMade a right (Yeah, right)\nCut the lights (Yeah, what?), paid the price (Yeah)\nNiggas think it's sweet (Nah, never), it's on sight (Yeah, what?)\nNothin' nice (Yeah), baguettes in my ice (Aw, man)\nJesus Christ (Yeah), checks over stripes (Yeah)\nThat's what I like (Yeah), that's what we like (Yeah)\nLost my respect, you not a threat\nWhen I shoot my shot, that shit wetty like I'm Sheck (Bitch)\nSee the shots that I took (Ayy), wet like I'm Book (Ayy)\nWet like I'm Lizzie\nI be spinnin' Valley, circle blocks 'til I'm dizzy (Yeah, what?)\nLike where is he? (Yeah, what?)\nNo one seen him (Yeah, yeah)\nI'm tryna clean 'em (Yeah)\n\n[Chorus: Drake & Travis Scott]\nShe's in love with who I am\nBack in high school, I used to bus it to the dance\nNow I hit the FBO with duffels in my hands (Woo)\nI did half a Xan, 13 hours 'til I land\nHad me out like a light (Like a light)\nLike a light (Like a light)\nLike a light (Like a light)\nLike a light\n\n[Verse 4: Travis Scott]\nYeah, passed the dawgs a celly\nSendin' texts, ain't sendin' kites, yeah\nHe said, \"Keep that on lock\"\nI say, \"You know this shit, it's stife,\" yeah\nIt's absolute, yeah (Yeah), I'm back, reboot (It's lit)\nLaFerrari to Jamba Juice, yeah (Skrrt, skrrt)\nWe back on the road, they jumpin' off, no parachute, yeah\nShawty in the back\nShe said she workin' on her glutes, yeah (Oh my God)\nAin't by the book, yeah, this how it look, yeah\n'Bout a check, yeah (Check), just check the foots, yeah\nPass this to my daughter, I'ma show her what it took (Yeah)\nBaby mama cover Forbes, got these other bitches shook\nYeah", "image": "https://images.genius.com/fcb653b96260878e130a9ec6c695a15d.910x910x1.jpg"}], "artist": "Travis Scott"}