{"songs": [{"title": "BUTTERFLY EFFECT", "album": "ASTROWORLD", "year": "2017-05-15", "lyrics": "[Intro]\nMurda on the beat so it's not nice\nOoh, hmm\n\n[Chorus]\nFor this life, I cannot change (Change)\nHidden Hills, deep off in the main (Main)\nM&M's, sweet like candy cane (Cane)\nDrop the top, pop it, let it bang (Pop it, pop it)\nFor this life, I cannot change\nHidden Hills, deep off in the main\nM&M's, sweet like candy cane\nDrop the top, pop it, let it bang (Pop it, pop it)\n\n[Verse 1]\nDrop the top, play hide and seek (Yeah!)\nJump inside, jump straight to the league (League)\nTake a sip, feel just how I be (It's lit!)\nOn freeway, but no, ain't nothin' free (Straight up!)\nBend laws, bend lanes (Skrrt, skrrt)\nBeen bustin' bills, but still, ain't nothin' change (Skrrt, skrrt)\nYou in the mob soon as you rock the chain (Mob)\nShe caught the waves just thumbin' through my braids (All right!)\nHeatin' up, baby, I'm just heatin' up (It's lit!)\nNeed ya love, not a need it is a must (Yeah!)\nFeelin' stuck, you know how to keep me up (Yeah, yeah!)\nIcy love, icy like a hockey puck (All right!)\n\n[Chorus]\nFor this life, I cannot change (Change)\nHidden Hills, deep off in the main (Main)\nM&M's, sweet like candy cane (Cane)\nDrop the top, pop it, let it bang (Pop it, pop it)\nFor this life, I cannot change\nHidden Hills, deep off in the main (Yeah, yeah!)\nM&M's, sweet like candy cane\nDrop the top, pop it, let it bang\n\n[Verse 2]\nAll the ones, all the chains piled on the mantle (Yeah!)\nAll the dogs, all the dogs low creep right behind me in the Phantom (It's lit!)\nYeah, never go, never go dip on the set, stayed Santana\nYeah, run it back, turn the lights on when I hit up Green Lantern (It's lit, all right!)\nYeah, fly the broads, fly the dogs down to Atlanta\nYeah, in the cut in Medusa, lay low, yeah, I might be\nYeah, roll up, help me calm down when I'm movin' high speed\nYeah, if I send one, need to text back 'cause you know what I need (Straight up!)\nOh, please (Oh, please), oh, me (Oh, me) oh, my (Oh, my)\nWe been movin', we been movin' for some time (All right!)\nFlexin', flexin' try to exercise\nExercise, exercise, exercise, exercise (Yeah, yeah!)\n\n[Chorus]\nFor this life, I cannot change (Change)\nHidden Hills, deep off in the main (Main)\nM&M's, sweet like candy cane (Cane)\nDrop the top, pop it, let it bang (Pop it, pop it)\nFor this life, I cannot change\nHidden Hills, deep off in the main\nM&M's, sweet like candy cane\nDrop the top, pop it, let it bang\nYah!", "image": "https://images.genius.com/c18e1967faaaf6f86dc561edf06c940a.1000x1000x1.jpg"}], "artist": "Travis Scott"}