{"songs": [{"title": "Antidote", "album": "Rodeo (Deluxe Edition)", "year": "2015-06-23", "lyrics": "[Chorus]\nDon't you open up that window\nDon't you let out that antidote (Yeah!)\nPoppin' pills is all we know (Ooh!)\nIn the hills is all we know (Hollywood!)\nDon't go through the front door (Through the back!)\nIt's lowkey at the night show (Ooh!)\nSo don't you open up that window (Ooh!)\nDon't you let out that antidote (Yeah!)\n\n[Verse 1]\nParty on a Sunday (That was fun!)\nDo it all again on Monday (One more time!)\nSpent a check on a weekend (Oh my God!)\nI might do it all again (That's boss shit)\nI just hit a three peat (Ooh!)\nFucked three hoes I met this week (Robert Horry!)\nI don't do no old hoes (Oh, no, no)\nMy nigga, that's a no-no (Straight up!)\nShe just want the coco (Coca\u00edna!)\nI just want dinero (Dinero)\nWho that at the front door? (Who that is?)\nIf it's the feds, oh, no, no, no (Don't let 'em in, shhh!)\n\n[Chorus]\nDon't you open up that window (Yah!)\nDon't you let out that antidote (Yah, ooh)\nPoppin' pills is all we know (Yah!)\nIn the hills is all we know (Hollywood)\nDon't go through the front door (In the back!)\nIt's lowkey at the night show (Ooh!)\n\n[Refrain]\nAyy, ooh, ooh\nAt the night show (Oooohh-wah)\nAt the night show (Higher)\nAt the night show (Oooohh-wah)\nOoh, at the night show (Get lit, my nigga)\nOoh, at the night show\n\n[Verse 2]\nAnything can happen at the night show (Yah!)\nEverything can happen at the night show (Oooohh-wah)\nOoh, at the night show\nAnything can happen at the night show (Yah!)\nOoh, at the night show\nOoh, your bitch not at home, she at the night show\nOoh (Straight up!) fuckin' right, ho\nOoh, had to catch a flight for the night show\nOoh (Let's go!) let's get piped though\nBottles got us right though, we ain't sippin' light, no\n(Ahh, La Flame!) I ain't got no type though\nOnly got one night though, we can do it twice though\n\n[Bridge]\n(Ahh!) It's lit! At the night show\nOoh, at the night show (Ooh, ooh)\nAt the night show\nOoh, at the night show\nYeah, at the night show\nEverything can happen at the night show\nOoh, at the night show\nAnything can happen at the night show, ooh\n\n[Verse 3]\nStackin' up day to day, young nigga\nYou know you gotta go get it, go get it, my nigga\nThey hatin', they stankin', they waitin'\nDon't be mistaken, we dyin', they stayin'\nLord, I'm on fire, they think that I'm Satan\nCallin' me crazy on different occasions\nKickin' the cameraman off of my stages\n'Cause I don't like how he snappin' my angles\nI'm overboard and I'm over-impatient\nOver my niggas and these kids my ages\nDealin' with Mo' shit that's more complicated\nLike these two bitches that might be related\nH-Town, you got one\nAnd you Bun B like a number one\nIt's late night, got a late show\nIf you wanna roll, I got a place where (Aah!)\n\n[Chorus]\nPoppin' pills is all we know (Ooh!)\nIn the hills is all we know (Hollywood!)\nDon't go through the front door (Through the back!)\nIt's lowkey at the night show (Ooh!)\nSo don't you open up that window (Ooh!)\nDon't you let out that antidote", "image": "https://images.genius.com/10194925c07dd18cec4b2097d617f191.1000x1000x1.jpg"}], "artist": "Travis Scott"}