{"songs": [{"title": "\u200bgoosebumps", "album": "Birds in the Trap Sing McKnight", "year": "2016-09-02", "lyrics": "[Intro: Travis Scott]\nYeah\n7:30 in the night, yeah\nOoh-oooh, ooh\n\n[Chorus: Travis Scott]\nI get those goosebumps every time, yeah, you come around, yeah\nYou ease my mind, you make everything feel fine\nWorried 'bout those comments\nI'm way too numb, yeah, it's way too dumb, yeah\nI get those goosebumps every time, I need the Heimlich\nThrow that to the side, yeah\nI get those goosebumps every time, yeah\nWhen you're not around (straight up)\nWhen you throw that to the side, yeah (it's lit)\nI get those goosebumps every time, yeah\n\n[Verse 1: Travis Scott]\n7-1-3\nThrough the 2-8-1, yeah, I'm ridin', why they on me?\nWhy they on me? I'm flyin', sippin' low-key\nI'm sippin' low-key in Onyx, rider, rider\nWhen I'm pullin' up right beside ya\nPop star, lil' Mariah\nWhen I text a cute game, wildness\nThrow a stack on the Bible\nNever Snapchat or took molly\nShe fall through plenty, her and all her ginnies, yeah\nWe at the top floor, right there off Doheny, yeah\nOh no, I can't fuck with y'all\nYeah, when I'm with my squad I cannot do no wrong\nYeah, saucin' in the city, don't get misinformed\nYeah, they gon' pull up on you (brr, brr, brr)\nYeah, we gon' do some things, some things you can't relate\nYeah, 'cause we from a place, a place you cannot stay\nOh, you can't go, oh, I don't know\nOh, back the fuck up off me (brr, brr, brr)\n\n[Chorus: Travis Scott]\nI get those goosebumps every time, yeah, you come around, yeah\nYou ease my mind, you make everything feel fine\nWorried 'bout those comments\nI'm way too numb, yeah, it's way too dumb, yeah\nI get those goosebumps every time, I need the Heimlich\nThrow that to the side, yeah\nI get those goosebumps every time, yeah\nWhen you're not around\nWhen you throw that to the side, yeah\nI get those goosebumps every time\n\n[Verse 2: Kendrick Lamar]\nI want to press my like, yeah, I wanna press my\nI want a green light, I wanna be like\nI wanna press my line, yeah\nI wanna take that ride, yeah\nI'm gonna press my line\nI want a green light, I wanna be like, I wanna press my\u2014\nMama, dear, spare your feelings\nI'm relivin' moments, peeling more residual\n(I can) buy the building, burn the building\nTake your bitch, rebuild the building just to fuck some more\n(I can) justify my love for you\nAnd touch the sky for God to stop, debating war\nPut the pussy on a pedestal (ayy)\nPut the pussy on a high horse\nThat pussy to die for\nThat pussy to die for\nPeter, piper, picked a pepper\nSo I could pick your brain and put your heart together\nWe depart the shady parts and party hard\nThe diamonds yours, the coupe forever\nMy best shots might shoot forever like (brr)\n\n[Chorus: Travis Scott]\nI get those goosebumps every time, yeah, you come around, yeah\nYou ease my mind, you make everything feel fine\nWorried 'bout those comments\nI'm way too numb, yeah, it's way too dumb, yeah\nI get those goosebumps every time, I need the Heimlich\nThrow that to the side, yeah\nI get those goosebumps every time, yeah\nWhen you're not around\nWhen you throw that to the side, yeah\nI get those goosebumps every time", "image": "https://images.genius.com/f1c5eab0453a5ade5ccf32dbc522a064.300x300x1.jpg"}], "artist": "Travis Scott"}