{"songs": [{"title": "Lemonade", "album": "The State vs. Radric Davis", "year": "2009-12-07", "lyrics": "[Intro]\nYeah it\u2019s Gucci, wassup baby\nYellow everything this time\nYou know what I\u2019m talking about\nYellow rims, yellow big booty yellow bones\nYellow Lambs, yellow MP's, yellow watch\nYellow charm ring chain, yellow living room set (Chiquita!)\nLemonade Gucci shoes for my girl, it\u2019s Gucci\n\n[Verse 1]\nMy Phantom sitting on sixes, no twenties in my denim\nYour Cutlass motor knocking because it is a lemon\nI like them Georgia peaches but you look more like a lemon\nThese sour apple bitter bitches I'm not fucking with 'em\nI'm truly stupid paid, that's just how I feel today\nI'm moving slow cause codeine syrup's in my lemonade\nI'm standing in the shade and I'm selling lemonade\nSix hundred a pint, the going rate off in the A\nLemonade diamond bracelet, put it in your face\nLemonhead diamond earrings I wore yesterday\nI'm pimping wearing lemon, that's just how I'm chilling\nI'm smoking grits and selling chickens, Corvette painted lemons (Gucci)\n\n[Hook]\nLemons on the chain with the V-cuts\nLemons on the chain with the V-cuts\nLemonade and shade with my feet up\nLemonade and shade with my feet up\nLemon pepper wings and a freeze cup\nLemon pepper wings and a freeze cup\nLemons in their face, watch 'em freeze up\nLemons in their face, watch 'em freeze up\n\n[Verse 2]\nI got lemonade and lemon-tint, lemons watch me mix the shit\nLemonade-complexion East-Australian girl be killing me\nShe say I be killing her, I say I be feeling it\nFour days then I'm sick of her cause her brain is lemonhead\nCocaine-white exterior, interior lemonade\nYellow with the off-white trimming, I call that the super drank\nYellow diamond pinky ring, call that there the lemon rock\nJewelry box a lemon bin, my ear ring size of apricot\nYeah I smoke that strong a lot, yeah I need some of what you got\nHalf a pound of lemon kush, call that pack the lemon drop\nCanary yellow lemon watch, big bird, yellow top\nYellow Polo, Polo slippers, white and yellow Polo socks\nGucci Mane be pumping dog, he don't got all he say he got\nJust stash one Lemon homie, I can supply them the fifty Glocks\nYellow boat parked at the dock, yellowbone gon' make the drop\nFlip the flop, mine off the top then go buy me a yellow yacht\n\n[Hook]\nLemons on the chain with the V-cuts\nLemons on the chain with the V-cuts\nLemonade and shade with my feet up\nLemonade and shade with my feet up\nLemon pepper wings and a freeze cup\nLemon pepper wings and a freeze cup\nLemons in their face, watch 'em freeze up\nLemons in their face, watch 'em freeze up\n\n[Verse 3]\nLemonade my townhouse in Miami I want yellow carpet\nWoke up in the morning - \"Fuck it,\" bought a yellow Aston Martin\nYellow bricks, yellow dust, yellow ring, yellow tuss\nYellow pills, spinning wheels, yellow weed, re-up with us\nCoward ass nigga, yellow stripe, you a yellowback\nAK hit your dog, and you can't bring Old Yeller back\nYep Gucci bang up eighty thousand: that's a yellow safe\nYello, holmes. Mellow, holmes. You know you a scary-cat\nNo sleep for two days, so my pupils look yellow\nFive flights, six shows, quarter-million on my schedule\nBangladesh and Gucci Mane \u2013 niggas know they in trouble\nGreen ice, red light. Caution: Gucci rock yellow\n\n[Hook]\nLemons on the chain with the V-cuts\nLemons on the chain with the V-cuts\nLemonade and shade with my feet up\nLemonade and shade with my feet up\nLemon pepper wings and a freeze cup\nLemon pepper wings and a freeze cup\nLemons in their face, watch 'em freeze up\nLemons in their face, watch 'em freeze up", "image": "https://images.genius.com/e9ecbe6a37db653d9d5bfd1eef4748a2.300x300x1.jpg"}], "artist": "Gucci Mane"}