{"songs": [{"title": "Met Gala", "album": "Droptopwop", "year": "2017-05-26", "lyrics": "[Intro: Offset]\nHey!\nSouthside\nWizop\nOffset\nIf Young Metro don't trust you, I'm gon' shoot you\nWoo!\n\n[Chorus: Offset]\nMil' in a week (hey)\nI bought a iced out Philippe (ice)\nYeah, playin' for keeps (keeps)\nSuck up the gang, she a leech (leech)\nCame in the game with a key (key)\nMy pockets blew up, Monique (Monique)\nOoh, she got that perfect physique (ooh)\nI'll tape a brick to her cheeks (brick)\nNow that I'm gettin' this money\nI'm fuckin' these thotties, they tryna get come-ups (come-ups)\nThis a good week, I've been stackin' up Ms\nAnd I'm snatchin' that Wraith in the mornin' (Wraith)\nI was that nigga locked up in the cell\nAnd they treated me like I was normal (normal)\nThankin' the Lord for them blessings\nI just left the Met Gala dressin' up formal (formal)\n\n[Verse 1: Offset]\nLook at my boogers, they big as you (booger)\nYou could get shot with your nigga too (bow)\nThe stick make a nigga do boogaloo (brr)\nBentley Mulsanne but the seats masseuse (skrt)\nI'm havin' more stripes than Adidas boost (havin' that)\nDick in her mouth like an edible (dick in that)\nNigga start shootin', you better move (brr)\nI fight for my gang, I won't let 'em lose (gang)\nYour bitch, she wantin' the pipe, aight!\nThis shit all started off likes (huh)\nHopped in my DM and wrote me a kite, flight (yeah)\nShe on the very first flight (go)\nFinesse a nigga then get his shit bike (huh)\nPsych, right, nigga, goodnight (on sight)\nPoppin' that shit 'cause he thinkin' he pipe, pipes\nHunnid rounds drum with the knife (brr)\nMe and the Wop, Biggie and Pac (Wop)\nBut we so different, we keepin' the Glock (bow)\nI'm on a yacht and the yacht on my watch (yacht)\nFuckin' a thot on the ocean, Dubai (thot)\nI'ma play dumb but I see all the plots (plot)\nShe know what I'm 'bout (hey)\nYou hit this dope and your heart gonna stop (hey)\nThey callin' the cops (12)\nHop on the jet, this a 20 passenger (jet)\nOffset a maniac, I'm the massacre (hey)\nI take your heart out and shoot your bladder up (agh)\nGet to the top and we blew the ladder up (top)\nRan up my money, I'm talkin' lateral (bag)\nGot that bitch high off a Perc and Adderall (high)\nPull out the fire and you better grab it all (brrr)\nBitch, I'm Offset and I'm 'bout to set it off (hey, hey)\n\n[Chorus: Offset]\nMil' in a week (hey)\nI bought a iced out Philippe (ice)\nYeah, playin' for keeps (keeps)\nSuck up the gang, she a leech (leech)\nCame in the game with a key (key)\nMy pockets blew up, Monique (Monique)\nOoh, she got that perfect physique (ooh)\nI'll tape a brick to her cheeks (brick)\nNow that I'm gettin' this money\nI'm fuckin' these thotties, they tryna get come-ups (come-ups)\nThis a good week, I've been stackin' up Ms\nAnd I'm snatchin' that Wraith in the mornin' (Wraith)\nI was that nigga locked up in the cell\nAnd they treated me like I was normal (normal)\nThankin' the Lord for them blessings\nI just left the Met Gala dressin' up formal (formal)\n\n[Verse 2: Gucci Mane & Offset]\nI'm havin' this shit but you had it (havin' it)\nShow me respect like your daddy\u2019s dad (respect)\nYeah, Gucci the man, yeah, cash in the caddy (guwop)\nI just woke up in a palace (woo)\nI did a walk through, I'm in Dallas, man (walk through)\nFlew in two bitches from Cali (pew)\nB Bs on me, I'm rocking Bally (B)\nThey drunk and they just walkin' barely\nI'm headed to Paris to pick up a bag (go, go, go)\nAnd they treat me like one of the Jacksons\nThese niggas ain't trappin', ain't makin' transactions (nah)\nA nigga rob you, he be practicing (bow)\nFour bitches all tryna swallow this\nI feel like I'm fightin' an octopus (woo)\nThought it was killers camped out in my bushes (brr)\nTo come to find out it's photographers (flash)\nFeds watch me through binoculars (feds)\nMad 'cause a nigga get popular (grr)\nFlex on a hoe wanna lock me up, yo (flex)\nDrop Top Wop but the top is up (skrt, skrt)\nNegative turn to a positive (woo, woo, woo)\nI don't care for no obstacles\nI could care less 'bout the bloggers, boy (no)\n80k stuffed in my joggers, bruh (80 ball)\n\n[Chorus: Offset]\nMil' in a week (hey)\nI bought a iced out Philippe (ice)\nYeah, playin' for keeps (keeps)\nSuck up the gang, she a leech (leech)\nCame in the game with a key (key)\nMy pockets blew up, Monique (Monique)\nOoh, she got that perfect physique (ooh)\nI'll tape a brick to her cheeks (brick)\nNow that I'm gettin' this money\nI'm fuckin' these thotties, they tryna get come-ups (come-ups)\nThis a good week, I've been stackin' up Ms\nAnd I'm snatchin' that Wraith in the mornin' (Wraith)\nI was that nigga locked up in the cell\nAnd they treated me like I was normal (normal)\nThankin' the Lord for them blessings\nI just left the Met Gala dressin' up formal (formal)", "image": "https://images.genius.com/4f51d4ae02f3058fc756d5f1428a908a.1000x1000x1.jpg"}], "artist": "Gucci Mane"}