{"songs": [{"title": "I Get the Bag", "album": "Mr. Davis", "year": "2017-08-18", "lyrics": "[Intro: Gucci Mane, (Quavo), Southside & Future]\nSouthside\nHah, it's Gucci\nIt's Drop Top, Wizop, ooh\nIf Young Metro don't trust you (yeah)\nI'm gon' shoot ya (ayy)\n\n[Chorus: Quavo]\nYou get the bag and fumble it\nI get the bag and flip it and tumble it (yeah)\nStraight out the lot, 300 cash (cash)\nAnd the car came with a blunt in it (yeah)\nLil mama a thot, and she got ass (thot)\nThen she gon' fuck up a bag (yeah)\nPull up to the spot, livin' too fast (yeah)\nDroppin' the dope in the stash (yah)\nIn Italy, got two foreign hoes, they DM me (ooh, brr, ayy)\nDrop the top when it's cold (drop top)\nBut you feel the heat (skrrt, yah, ayy)\nBe real with me\nKeep it 100, just be real with me (ayy)\nEat it up like it's a feast (whoa, eat it up)\nThey say the dope on fleek (yep)\n\n[Verse 1: Takeoff]\nPercocet pill on me (Percocet)\nIce on my neck, baby, chill with me (ice)\nThem niggas that post in the back don't say nothin'\nThem niggas will kill for me\nBack ends I count in my sleep, on fleek\n100k spent on a Patek Phillippe (Phillippe)\nBitch, I'm a dog, eat my treat (hrr)\nHop out the frog and leap (leap)\nI put them bricks in the fender\nMy bitch, she walk around like she Kris Jenner (Kris Jenner)\nI used to break in and enter\nThen Takeoff runnin' like the game of temple (whew)\nIt's simple, I play with her mental\nMomma said she saw me on Jimmy Kimmel (mama)\nCount it up, 'cause I'm a money symbol\nWalkin' with the racks, I'm lookin' crippled (money)\nFuck on that bitch then I tip her (tip her)\nA nickel for me to take pictures (nickel)\nNot from L.A. but I clip her (brr)\nDouble my cup, pour a triple (Actavis)\nFox on my body, no Vivica (fox on my...)\nI'm not your average or typical (I'm not your...)\nLook at my wrist, and it's critical (look at the...)\nHold it up, droppin' the temperature (droppin' the...)\nI get that bag on the regular (bag)\nI got a bag on my cellular (brr)\nBackin' up, baggin' up vegetables (bag)\nBag of them cookies, it's medical (cookies)\nCocaine, codeine, etcetera (white)\nCocaine and lean, it's federal (white)\nI take off, landin' on Nebula\nAs of now 20 M's on my schedule (Takeoff)\n\n[Chorus: Quavo & Gucci Mane]\nYou get the bag and fumble it\nI get the bag and flip it and tumble it (yeah)\nStraight out the lot, 300 cash (cash)\nAnd the car came with a blunt in it (yeah)\nLil mama a thot, and she got ass (thot)\nAnd she gon' fuck up her back (yeah)\nPull up to the spot, livin' too fast (yeah)\nDroppin' the dope in the stash (yah)\nIn Italy, got two foreign hoes, they DM me (ooh, brr, ayy)\nDrop the top when it's cold (drop top)\nBut you feel the heat (skrrt, yah, ayy)\nBe real with me\nKeep it 100, just be real with me (it's Gucci, ayy)\nEat it up like it's a feast (hah, whoa, eat it up)\nThey say the dope on fleek (yep)\n\n[Verse 2: Gucci Mane]\nI know that you niggas gettin' sick of me (eww-ah)\nThese chains on my neck cost a mil' a piece (umm)\nI don't even like to freestyle for free\nI put in the key and I ride the beat\nI won't even come out the house for free\nI pay a nigga to drive for me (huh?)\nJAY-Z couldn't even co-sign for me\nI do what I want, 'cause I'm signed to me (damn)\nI get the, I get the, I get the bag\nThey get the bag, have to cut it in half (Wop)\nStop the comparin', y'all makin' me laugh\nNeed the rehab, I'm addicted to cash\nConvertible Wop, convertible top\nMy dope got a vertical, look at it hop\nSkrrt, skrrt, skrrt, and it jump out the pot (pot)\nCame out of jail and went straight to the top\nTake it easy, baby, middle of summer, I'm freezin', baby (burr)\nDon't leave me, baby\nJust drop to your knees and please me, baby (go)\nI'm fascinated, two bitches so fine that I masturbated (hah)\nCongratulations, she brain me so good that I graduated (wow)\nThey had to hate it\nI don't fuck with them niggas, they plastic, baby (heh)\nA trapper, baby, I rap but I own all my masters, baby\nIt's tragic, baby, I pull up and fuck up the traffic, baby (hah)\nA savage, baby\nI'm killin' these niggas, closed casket, baby (ayy, Wop)\n\n[Chorus: Quavo]\nYou get the bag and fumble it\nI get the bag and flip it and tumble it (yeah)\nStraight out the lot, 300 cash (cash)\nAnd the car came with a blunt in it (yeah)\nLil mama a thot, and she got ass (thot)\nAnd she gon' fuck up her back (yeah)\nPull up to the spot, livin' too fast (yeah)\nDroppin' the dope in the stash (yah)\nIn Italy, got two foreign hoes, they DM me (ooh, brr, ayy)\nDrop the top when it's cold (drop top)\nBut you feel the heat (skrrt, yah, ayy)\nBe real with me\nKeep it 100, just be real with me (ayy)\nEat it up like it's a feast (whoa, eat it up)\nThey say the dope on fleek (yep)", "image": "https://images.genius.com/0397c2080a940a534b5b50af5863be90.1000x1000x1.jpg"}], "artist": "Gucci Mane"}