{"songs": [{"title": "SKRT", "album": "Heart Of The Projects", "year": "2014-12-30", "lyrics": "[Chorus]\nGirl, I'm done with you (With you)\nGirl, we done, it's through (Girl, we done)\nI hit that nigga for the work (I finessed his ass)\nStick and move and then I skrt, skrt, skrt, skrt, skrt (Ooh, I'm gone)\nWhat is up with you? (What is up with you?)\nI thought I said I'm done with you (I thought I said it's over)\nFuck my school and fuck my teacher, too (I will fuck you over)\nSniper on the roof, he playin' peek-a-boo, skrt, skrt\n(He will knock you over) Skrt, skrt, skrt (Skrt, I skrt, skrt)\nJump in that jag, skrt, skrt, skrt\n(Ooh, Kodak, skrt, skrt, skrt, skrt, skrt)\nSkrt, skrt, skrt (Skrt) Ah, ah, skrt, skrt\n\n[Verse]\nWhen I say I keep the poker, I ain't talkin' 'bout no beans\nProject baby, you know I got baby bottles full of lean\nI've been through so much of shit this shit'll make a nigga sing\nI remember rockin' Bugle Boy, now rock designer jeans\nGod dang, you just like my chain, you just like to swing\nIt 1k, I got 22k and all my niggas bling\nHit the club on them jiggas, you know all my niggas geeked\nYou'd think I'm 'bout to smack yo bitch, I made her hit her knees\nMet this plug, I was talkin' 'bout he put that thing on me\nI finessed him, ain't got time to let you run no game on me\nLike I'm workin' out, life done dropped a lot of weight on me\nI've been busy, I've been workin' hard so don't you hate on me\nYou my dawg then just be my dawg and don't you change on me\nDon't you switch, don't you change on me, switch lanes on me\nI was in that jag, now I'm pullin' up in that Range on me\nI ain't in no gang, but if you run up, I'm gon' bang homie\n(Kodak let it spray)\n\n[Chorus]\nGirl, I'm done with you (With you)\nGirl, we done, it's through (Girl, we done)\nI hit that nigga for the work (I finessed his ass)\nStick and move and then I skrt, skrt, skrt, skrt, skrt (Ooh, I'm gone)\nWhat is up with you? (What is up with you?)\nI thought I said I'm done with you (I thought I said it's over)\nFuck my school and fuck my teacher, too (I will fuck you over)\nSniper on the roof, he playin' peek-a-boo, skrt, skrt\n(He will knock you over) Skrt, skrt, skrt (Skrt, I skrt, skrt)\nJump in that jag, skrt, skrt, skrt\n(Ooh, Kodak, skrt, skrt, skrt, skrt, skrt)\nSkrt, skrt, skrt (Skrt) Ah, ah, skrt, skrt", "image": "https://images.genius.com/3807f4023bd96bf055afe589f7f86fef.500x500x1.jpg"}], "artist": "Kodak Black"}