{"songs": [{"title": "Roll in Peace", "album": "Project Baby 2", "year": "2017-08-18", "lyrics": "[Intro: Kodak Black]\nAyy, everything be like, off the top these days like\n(We got London on the track!)\nThese days, I don't even know what a pad is these days, ya know?\nFuck that hoe 'cause she a nat nat\n\n[Pre-Chorus: Kodak Black]\nYou ain't the one for me, baby\nYou ain't got shit I need, bitch\nYou want me to take my time with you\nWell maybe I'm not your speed bitch\nMaybe I'm out your league, bitch\nYou ain't even got no cheese, bitch\nMaybe I'm just too G for you\nOr maybe I'm just too street, bitch\n\n[Chorus: Kodak Black]\nI can't even roll in peace (Why?)\nEverybody notice me (Yeah)\nI can't even go to sleep (Why?)\nI'm rolling on a bean (Yeah)\nThey tried to give me eight\nGot on my knees like, \"Jesus, please\"\nHe don't even believe in Jesus\nWhy you got a Jesus piece?\nIf you wanna leave just leave, but you ain't gotta lie to me\nEven the blind can see (Fuck)\nThat you ain't gon' ride for me\nYou ain't even showing me the love you say you got for me\nThere ain't no loyalty, you lied to me\nYou said that you gon' ride for me\n\n[Verse 1: Kodak Black]\nBaby, that's blasphemy, yeah\nBaby, you're bad for me, yeah\nSay you gon' clap for me, yeah\nSay you gon' blast for me, yeah\nWhy you ain't show me none of the love you say you have for me? Yeah\nI was goin' through tragedy\nBitch, I needed you drastically, yeah\nI'ma just switch my flow up, yeah\nMaybe I'm sick, no throw up, yeah\nMaybe I'm sick, no check up, yeah\nBoy, you need to run your check up, yeah\nI'm eatin' on you niggas, no ketchup, yeah\nI'm eatin' on you niggas, can't catch up, ayy\nHit her face down with her ass up, ayy\nEven when I'm fucking, I'm masked up, ayy\n\n[Pre-Chorus: Kodak Black]\nYou ain't the one for me, baby\nYou ain't got shit I need, bitch\nYou want me to take my time with you\nWell maybe I'm not your speed bitch\nMaybe I'm out your league, bitch\nYou ain't even got no cheese, bitch\nMaybe I'm just too G for you\nOr maybe I'm just too street, bitch\n\n[Chorus: Kodak Black]\nI can't even roll in peace (Why?)\nEverybody notice me (Yeah)\nI can't even go to sleep (Why?)\nI'm rolling on a bean (Yeah)\nThey tried to give me eight\nGot on my knees like, \"Jesus, please\"\nHe don't even believe in Jesus\nWhy you got a Jesus piece?\nIf you wanna leave just leave, but you ain't gotta lie to me\nEven the blind can see (Fuck)\nThat you ain't gon' ride for me\nYou ain't even showing me the love you say you got for me\nThere ain't no loyalty, you lied to me\nAnd you say that you gon' ride with me\n\n[Verse 2: XXXTENTACION]\nI ain't gon' do the nigga shit, 'cause I'm too good for features, huh\nI ain't gon' fuck the nigga bitch, 'cause I know she a eater, huh\nLast time I wifed a bitch she told the world I beat her, huh\nAnd when they locked lil' Kodak up, my nigga, I couldn\u2019t believe it, huh\nAyy, lil' shawty, pop my whoadie\nPockets on Pinocchio, poking, yuh\nHit her from the back, damn, that bitch bleeding\nSaid that I knocked her period on\nRemember when I had that poker, huh\nInstead of looking over my shoulder, huh\nForces with a nigga, no Yoda, huh\nThat mean a young nigga got woo on me (Ayy)\n\n[Pre-Chorus: Kodak Black]\nYou ain't the one for me, baby\nYou ain't got shit I need, bitch\nYou want me to take my time with you\nWell maybe I'm not your speed, bitch\nMaybe I'm out your league, bitch\nYou ain't even got no cheese, bitch\nMaybe I'm just too G for you\nOr maybe I'm just too street, bitch\n\n[Chorus: Kodak Black]\nI can't even roll in peace (Why?)\nEverybody notice me (Yeah)\nI can't even go to sleep (Why?)\nI'm rolling on a bean (Yeah)\nThey tried to give me eight\nGot on my knees like, \"Jesus, please\"\nHe don't even believe in Jesus\nWhy you got a Jesus piece?\nIf you wanna leave just leave, but you ain't gotta lie to me\nEven the blind can see (Fuck)\nThat you ain't gon' ride for me\nYou ain't even showing me the love you say you got me for me\nThere ain't no loyalty, you lied to me\nYou say that you gon' ride for me, ayy\n\n[Outro: Kodak Black]\nI'm in London, got my beat from London", "image": "https://images.genius.com/d0bab01d9e0e1ef99092c312b5c215f3.1000x1000x1.jpg"}], "artist": "Kodak Black"}