{"songs": [{"title": "Tunnel Vision", "album": "Painting Pictures", "year": "2017-02-16", "lyrics": "[Intro]\nGlee\nSouthside\nAyy, lil' Metro on that beat\n\n[Chorus]\nLil' Kodak, they don't like to see you winnin'\nThey wanna see you in the penitentiary\nI need me a lil' baby who gon' listen\nGirl, I don't wanna be the one you iggin'\nMy mama told me, \"Boy, make good decisions!\"\nRight now I gotta keep a tunnel vision\nI need me a lil' baby who gon' listen\nGirl, I don't wanna be the one you iggin'\nLil' Kodak, they don't like to see you winnin'\nThey wanna see you in the penitentiary\nI need me a lil' baby who gon' listen\nGirl, I don't wanna be the one you iggin'\nMy mama told me, \"Boy, make good decisions!\"\nRight now I gotta keep a tunnel vision\nThey sendin' all my homies on a mission\nAnd I ain't tryna miss out on these millions\n\n[Verse 1]\nI jumped up out the Wraith, Kodak bought a Wraith\nI get any girl I want, any girl I want\nShe want me to save the day, but I ain't got a cape\nShe wanna see me every day, she wanna be my bae\nThat money make me cum, it make me fornicate, uh\nI'm the shit, I need some toilet pap-er\nFollow my player rules, then we gon' be okay\nOn the real I need a bih' who gon' cooperate\n\n[Chorus]\nLil' Kodak, they don't like to see you winnin'\nThey wanna see you in the penitentiary\nI need me a lil' baby who gon' listen\nGirl, I don't wanna be the one you iggin'\nMy mama told me, \"Boy, make good decisions!\"\nRight now I gotta keep a tunnel vision\nI need me a lil' baby who gon' listen\nGirl, I don't wanna be the one you iggin'\nLil' Kodak, they don't like to see you winnin'\nThey wanna see you in the penitentiary\nI need me a lil' baby who gon' listen\nGirl, I don't wanna be the one you iggin'\nMy mama told me, \"Boy, make good decisions!\"\nRight now I gotta keep a tunnel vision\nThey sendin' all my homies on a mission\nAnd I ain't tryna miss out on these millions\n\n[Verse 2]\nI told you niggas I'm gon' be that fuckin' nigga\nEverything be good 'til you doin' better than 'em\nThey wanna see a nigga shot or see me in the system\nAll you niggas out here poison like snake venom\nCodeine in my liver, rockin' Balenciaga denim\nI'm booted even when I'm sober, I don't need a jigga\nThey sendin' all my niggas on a fuckin' journey\nI told that baby to come over 'cause I'm fuckin' horny\nMy mama told me, \"Kill these niggas, son, keep it goin'!\"\nI'm thug to the bone, but I'm still her baby boy\nLil' Kodak, boy they hate to see you in a foreign\nThey miss when you was in that 'Yota kickin' door\n\n[Chorus]\nLil' Kodak, they don't like to see you winnin'\nThey wanna see you in the penitentiary\nI need me a lil' baby who gon' listen\nGirl, I don't wanna be the one you iggin'\nMy mama told me, \"Boy, make good decisions!\"\nRight now I gotta keep a tunnel vision\nI need me a lil' baby who gon' listen\nGirl, I don't wanna be the one you iggin'\nLil' Kodak, they don't like to see you winnin'\nThey wanna see you in the penitentiary\nI need me a lil' baby who gon' listen\nGirl, I don't wanna be the one you iggin'\nMy mama told me, \"Boy, make good decisions!\"\nRight now I gotta keep a tunnel vision\nThey sendin' all my homies on a mission\nAnd I ain't tryna miss out on these millions", "image": "https://images.genius.com/0ca9ea77c1d1ad14931874bdbd19b5ac.1000x1000x1.jpg"}], "artist": "Kodak Black"}