{"songs": [{"title": "\u200bball w/o you", "album": "\u200bi am\u200b\ufe65i was", "year": "2018-12-21", "lyrics": "[Intro]\nWhoa\nWhoa, whoa\n\n[Verse 1]\nYou runnin' 'round drinkin' liquor\nTakin' pictures 'cause you miss me\n(I know you miss me)\nYou runnin' 'round drinkin' liquor\nFuckin' niggas 'cause you miss me\n(You just want attention)\nYou can sleep with half the world\nBet you still won't forget me\n(On God)\nYou could find love, get married, have kids\nI'd still be realest nigga to hit it\n(Straight up, straight up, straight up, straight up)\nI was gettin' some head earlier and you crossed my mind (Straight up)\nI'm as solid as they come, but you crossed the line (21)\nYeah, you been stopped keepin' it real, I can see the signs (On God)\nWhen it came to havin' your back, I'm so real\nI prolly would've gave you my spine (Straight up)\nI'd rather have loyalty than love\n'Cause love really don't mean jack (Straight up)\nSee love is just a feeling\nYou can love somebody and still stab them in they back (Oh God)\nIt don't take much to love\nYou can love somebody just by being attached (21)\nSee loyalty is a action\nYou can love or hate me and still have my back (Facts)\n\n[Chorus]\nI gave you my all (My all)\nYou was my dawg (You was my dawg)\nI would have went to war with the world on your call (On your call)\nThought you had my back (Nah)\nYou let me fall (Let me fall)\nYou healed my pain (My pain)\nThen you caused it (Then you caused it)\nNow I gotta ball without you (Straight up)\nNow I gotta ball (Straight up)\nNow I gotta ball without you (21)\nNow I gotta ball (21)\nNow I gotta ball without you (Ball)\nNow I gotta ball (Now I gotta ball)\nNow I gotta ball without you (21)\nNow I gotta ball (21, 21)\n\n[Verse 2]\nYou crossed me once, it's fuck you forever (Straight up)\nMiddle school got my heart broke, stop writin' love letters (21)\nHeart cold, yeah, so cold had to buy the Moncler sweater (On God)\nValentines Day, she ripped the card and urinated on the rose petals (Damn)\nYou was my rock, heavy metal\nNow you ain't shit to me (Facts)\nI thought it was love, until I woke up\nAnd had an epiphany (21)\nKeep the fame and keep the love\nJust give me the loyalty (On God)\nNefertiti, King Tut\nI treat you like royalty (Fact)\n\n[Bridge]\nI just wish your love wouldn't fade away\nEven when the smoke clear, I'm here to stay\nDon't you ever let a nigga take my place\nWould you be around if I had minimum wage?\n\n[Chorus]\nI gave you my all (My all)\nYou was my dawg (You was my dawg)\nI would have went to war with the world on your call (On your call)\nThought you had my back (Nah)\nYou let me fall (Let me fall)\nYou healed my pain (My pain)\nThen you caused it (Then you caused it)\nNow I gotta ball without you (Straight up)\nNow I gotta ball (Straight up)\nNow I gotta ball without you (21)\nNow I gotta ball (21)\nNow I gotta ball without you (Ball)\nNow I gotta ball (Now I gotta ball)\nNow I gotta ball without you (21)\nNow I gotta ball (21, 21)", "image": "https://images.genius.com/fdf55cd3f0aaf3b48e1437d99bdfbcd1.1000x1000x1.jpg"}], "artist": "21 Savage"}